{"actions":[],"apps":[{"acl":{"app":[],"field":[],"record":[]},"app":null,"category":{"categories":[],"useCategory":"false"},"form":{"layout":"[{\"id\":null,\"type\":\"ROW\",\"isSubTable\":false,\"var\":null,\"controlList\":[{\"isVirtical\":true,\"styleMap\":{\"width\":193},\"type\":\"SINGLE_LINE_TEXT\",\"var\":\"name\",\"label\":\"物件名\"},{\"isVirtical\":true,\"styleMap\":{\"width\":193},\"type\":\"SINGLE_LINE_TEXT\",\"var\":\"person\",\"label\":\"担当者\"}]},{\"id\":null,\"type\":\"ROW\",\"isSubTable\":false,\"var\":null,\"controlList\":[{\"isVirtical\":true,\"styleMap\":{\"width\":193},\"type\":\"SINGLE_LINE_TEXT\",\"var\":\"walk_time_value\",\"label\":\"駅からの徒歩時間(分)\"},{\"isVirtical\":true,\"styleMap\":{\"width\":193},\"type\":\"SINGLE_LINE_TEXT\",\"var\":\"area_value\",\"label\":\"専有面積(mxm)\"},{\"isVirtical\":true,\"styleMap\":{\"width\":193},\"type\":\"SINGLE_LINE_TEXT\",\"var\":\"years_old_value\",\"label\":\"築年数(年)\"},{\"isVirtical\":true,\"styleMap\":{\"width\":193},\"type\":\"SINGLE_LINE_TEXT\",\"var\":\"stairs_value\",\"label\":\"階数\"},{\"isVirtical\":true,\"styleMap\":{\"width\":196},\"type\":\"SINGLE_SELECT\",\"var\":\"direction\",\"label\":\"向き\"}]},{\"id\":null,\"type\":\"ROW\",\"isSubTable\":false,\"var\":null,\"controlList\":[{\"isVirtical\":true,\"styleMap\":{\"width\":193},\"type\":\"DECIMAL\",\"var\":\"house_price\",\"label\":\"家賃\"},{\"isVirtical\":true,\"styleMap\":{\"width\":193},\"type\":\"SINGLE_LINE_TEXT\",\"var\":\"house_price_prediction\",\"label\":\"家賃(予測)\"}]}]","revision":null},"iconMeta":null,"info":{"code":null,"decimalPrecision":"16","decimalScale":"4","description":"\u003Cdiv\u003E\u003Cbr /\u003E\u003C/div\u003E","enableBulkDeletion":"false","fiscalYearStartMonth":"4","iconKey":"APP48","iconType":"PRESET","jsFiles":null,"jsScope":"ALL","name":"物件管理アプリ","roundingMode":"HALF_EVEN","theme":"REPORT","titleComponentLocalId":"139275","useComment":"true","useHistory":"true","useThumbnail":"true"},"jsFiles":[],"notification":{"appNotifications":[{"events":["RECORD_COMMENT_ADDED"],"target":{"entityId":"139260","entityType":"FIELD_ENTITY","includeSubs":"false"}},{"events":["RECORD_COMMENT_ADDED"],"target":{"entityId":"139261","entityType":"FIELD_ENTITY","includeSubs":"false"}}],"recordNotifications":[],"reminderTimezone":null,"reminders":[],"useComment":"true","useReminder":"false"},"plugin":{"pluginIds":[]},"reports":[],"resource":{"tables":[{"rows":[{"fields":[],"objectId":"0","subObjectId":"-1"}],"type":"AppName"},{"rows":[{"fields":[],"objectId":"0","subObjectId":"-1"}],"type":"AppDescription"},{"rows":[{"fields":[],"objectId":"139259","subObjectId":"-1"},{"fields":[],"objectId":"139260","subObjectId":"-1"},{"fields":[],"objectId":"139261","subObjectId":"-1"},{"fields":[],"objectId":"139262","subObjectId":"-1"},{"fields":[],"objectId":"139263","subObjectId":"-1"},{"fields":[],"objectId":"139264","subObjectId":"-1"},{"fields":[],"objectId":"139265","subObjectId":"-1"},{"fields":[],"objectId":"139266","subObjectId":"-1"},{"fields":[],"objectId":"139275","subObjectId":"-1"},{"fields":[],"objectId":"139276","subObjectId":"-1"},{"fields":[],"objectId":"139277","subObjectId":"-1"},{"fields":[],"objectId":"139278","subObjectId":"-1"},{"fields":[],"objectId":"139279","subObjectId":"-1"},{"fields":[],"objectId":"139280","subObjectId":"-1"},{"fields":[],"objectId":"139281","subObjectId":"-1"},{"fields":[],"objectId":"139281","subObjectId":"139267"},{"fields":[],"objectId":"139281","subObjectId":"139268"},{"fields":[],"objectId":"139281","subObjectId":"139269"},{"fields":[],"objectId":"139281","subObjectId":"139270"},{"fields":[],"objectId":"139281","subObjectId":"139271"},{"fields":[],"objectId":"139281","subObjectId":"139272"},{"fields":[],"objectId":"139281","subObjectId":"139273"},{"fields":[],"objectId":"139281","subObjectId":"139274"},{"fields":[],"objectId":"139282","subObjectId":"-1"},{"fields":[],"objectId":"139783","subObjectId":"-1"}],"type":"FieldLabel"},{"rows":[{"fields":[],"objectId":"139782","subObjectId":"-1"},{"fields":[],"objectId":"20","subObjectId":"-1"}],"type":"ViewName"}]},"schema":{"groups":[],"revision":null,"subTable":{},"table":{"fieldList":{"139259":{"id":"139259","label":"レコード番号","properties":{"noLabel":"false","required":"true"},"type":"RECORD_ID","var":"レコード番号"},"139260":{"id":"139260","label":"更新者","properties":{"noLabel":"false","required":"true"},"type":"MODIFIER","var":"更新者"},"139261":{"id":"139261","label":"作成者","properties":{"noLabel":"false","required":"true"},"type":"CREATOR","var":"作成者"},"139262":{"id":"139262","label":"更新日時","properties":{"noLabel":"false","required":"true"},"type":"MODIFIED_AT","var":"更新日時"},"139263":{"id":"139263","label":"作成日時","properties":{"noLabel":"false","required":"true"},"type":"CREATED_AT","var":"作成日時"},"139264":{"id":"139264","label":"ステータス","properties":{"noLabel":"false","required":"false"},"type":"STATUS","var":"ステータス"},"139265":{"id":"139265","label":"作業者","properties":{"noLabel":"false","required":"false"},"type":"STATUS_ASSIGNEE","var":"作業者"},"139266":{"id":"139266","label":"カテゴリー","properties":{"noLabel":"false","required":"false"},"type":"CATEGORY","var":"カテゴリー"},"139275":{"id":"139275","label":"物件名","properties":{"defaultValue":"","expression":"","hideExpression":"false","max":null,"min":null,"noLabel":"false","required":"false","unique":"false"},"type":"SINGLE_LINE_TEXT","var":"name"},"139276":{"id":"139276","label":"担当者","properties":{"defaultValue":"","expression":"","hideExpression":"false","max":null,"min":null,"noLabel":"false","required":"false","unique":"false"},"type":"SINGLE_LINE_TEXT","var":"person"},"139277":{"id":"139277","label":"駅からの徒歩時間(分)","properties":{"defaultValue":"","expression":"","hideExpression":"false","max":null,"min":null,"noLabel":"false","required":"false","unique":"false"},"type":"SINGLE_LINE_TEXT","var":"walk_time_value"},"139278":{"id":"139278","label":"専有面積(mxm)","properties":{"defaultValue":"","expression":"","hideExpression":"false","max":null,"min":null,"noLabel":"false","required":"false","unique":"false"},"type":"SINGLE_LINE_TEXT","var":"area_value"},"139279":{"id":"139279","label":"築年数(年)","properties":{"defaultValue":"","expression":"","hideExpression":"false","max":null,"min":null,"noLabel":"false","required":"false","unique":"false"},"type":"SINGLE_LINE_TEXT","var":"years_old_value"},"139280":{"id":"139280","label":"階数","properties":{"defaultValue":"","expression":"","hideExpression":"false","max":null,"min":null,"noLabel":"false","required":"false","unique":"false"},"type":"SINGLE_LINE_TEXT","var":"stairs_value"},"139281":{"id":"139281","label":"向き","properties":{"defaultValue":null,"noLabel":"false","options":[{"id":"139267","label":"N","valid":true},{"id":"139268","label":"NE","valid":true},{"id":"139269","label":"E","valid":true},{"id":"139270","label":"SE","valid":true},{"id":"139271","label":"S","valid":true},{"id":"139272","label":"SW","valid":true},{"id":"139273","label":"W","valid":true},{"id":"139274","label":"NW","valid":true}],"required":"false"},"type":"SINGLE_SELECT","var":"direction"},"139282":{"id":"139282","label":"家賃","properties":{"defaultValue":null,"digit":"false","displayScale":null,"max":null,"min":null,"noLabel":"false","required":"false","roundingMode":null,"scale":null,"unique":"false","unit":"","unitPosition":"BEFORE"},"type":"DECIMAL","var":"house_price"},"139783":{"id":"139783","label":"家賃(予測)","properties":{"defaultValue":"","expression":"","hideExpression":"false","max":null,"min":null,"noLabel":"false","required":"false","unique":"false"},"type":"SINGLE_LINE_TEXT","var":"house_price_prediction"}},"id":"1","label":"__ROOT__","var":"__ROOT__"}},"status":{"actions":[],"filters":[],"initialStateId":null,"states":[],"useStatus":"false"},"uuid":"a732449f-6ff8-48ce-a722-abda8488799a","views":[{"advancedMode":"false","builtinType":null,"fields":[{"row":[{"id":"139275"},{"id":"139276"},{"id":"139277"},{"id":"139278"},{"id":"139279"},{"id":"139280"},{"id":"139281"},{"id":"139282"}]}],"filter":{"category":null,"offset":null,"order":["DESC"],"q":null,"size":null,"sort":["f139259"]},"html":null,"keyFieldId":null,"name":"分析用一覧","pager":null,"revision":null,"titleFieldId":null,"view":"139782","viewType":"LIST"},{"advancedMode":null,"builtinType":"ALL","fields":[{"row":[{"id":"139259"},{"id":"139275"},{"id":"139276"},{"id":"139277"},{"id":"139278"},{"id":"139279"},{"id":"139280"},{"id":"139281"},{"id":"139282"},{"id":"139783"}]}],"filter":{"category":null,"offset":null,"order":[],"q":null,"size":null,"sort":[]},"html":null,"keyFieldId":null,"name":"（すべて）","pager":null,"revision":null,"titleFieldId":null,"view":"20","viewType":"LIST"}]}],"description":"","iconKey":"APP48","iconMeta":null,"iconSrcAppId":"a732449f-6ff8-48ce-a722-abda8488799a","iconType":"PRESET","imagesMeta":[],"lookups":[],"name":"karura-sample-app","references":[],"version":"18"}