{"actions":[],"apps":[{"acl":{"app":[],"field":[],"record":[]},"app":null,"category":{"categories":[],"useCategory":"false"},"form":{"layout":"[{\"id\":null,\"type\":\"ROW\",\"isSubTable\":false,\"var\":null,\"controlList\":[{\"isVirtical\":true,\"styleMap\":{\"width\":193},\"type\":\"SINGLE_LINE_TEXT\",\"var\":\"app_id\",\"label\":\"アプリ番号\"},{\"styleMap\":{\"width\":117,\"height\":66},\"elementId\":\"read_fields\",\"type\":\"SPACER\"}]},{\"id\":null,\"type\":\"ROW\",\"isSubTable\":false,\"var\":null,\"controlList\":[{\"isVirtical\":true,\"styleMap\":{\"width\":844},\"type\":\"SINGLE_LINE_TEXT\",\"var\":\"app_name\",\"label\":\"アプリ名\"}]},{\"id\":null,\"type\":\"ROW\",\"isSubTable\":false,\"var\":null,\"controlList\":[{\"label\":\"\\u003Cdiv\\u003E※フィールドコードが設定されていないフィールドは表示されません。利用したい場合、フィールドコードを設定してください。\\u003C/div\\u003E\",\"styleMap\":{\"width\":844},\"formatted\":\"\\u003Cdiv\\u003E※フィールドコードが設定されていないフィールドは表示されません。利用したい場合、フィールドコードを設定してください。\\u003C/div\\u003E\",\"type\":\"LABEL\"}]},{\"id\":\"139254\",\"type\":\"SUBTABLE\",\"isSubTable\":true,\"var\":\"field_settings\",\"controlList\":[{\"isVirtical\":true,\"styleMap\":{\"width\":193},\"type\":\"SINGLE_LINE_TEXT\",\"var\":\"field_name\",\"label\":\"フィールド名\"},{\"isVirtical\":true,\"styleMap\":{\"width\":193},\"type\":\"SINGLE_LINE_TEXT\",\"var\":\"field_code\",\"label\":\"フィールドコード\"},{\"isVirtical\":true,\"styleMap\":{\"width\":451},\"type\":\"SINGLE_CHECK\",\"var\":\"usage\",\"label\":\"フィールドの利用\",\"align\":\"horizontal\"}]},{\"id\":null,\"type\":\"ROW\",\"isSubTable\":false,\"var\":null,\"controlList\":[{\"isVirtical\":true,\"styleMap\":{\"width\":844},\"type\":\"SINGLE_LINE_TEXT\",\"var\":\"view\",\"label\":\"対象データ(一覧名を設定)\"}]},{\"id\":null,\"type\":\"ROW\",\"isSubTable\":false,\"var\":null,\"controlList\":[{\"styleMap\":{\"width\":117,\"height\":66},\"elementId\":\"train_button\",\"type\":\"SPACER\"}]},{\"id\":null,\"type\":\"ROW\",\"isSubTable\":false,\"var\":null,\"controlList\":[{\"styleMap\":{\"width\":117,\"height\":34},\"elementId\":\"notification\",\"type\":\"SPACER\"}]},{\"id\":null,\"type\":\"ROW\",\"isSubTable\":false,\"var\":null,\"controlList\":[{\"label\":\"\\u003Cdiv\\u003E※以下のセクションは、学習を実行すると自動的に入力されます。\\u003C/div\\u003E\",\"styleMap\":{\"width\":452},\"formatted\":\"\\u003Cdiv\\u003E※以下のセクションは、学習を実行すると自動的に入力されます。\\u003C/div\\u003E\",\"type\":\"LABEL\"}]},{\"id\":null,\"type\":\"ROW\",\"isSubTable\":false,\"var\":null,\"controlList\":[{\"styleMap\":{\"width\":844},\"type\":\"HR\"}]},{\"id\":null,\"type\":\"ROW\",\"isSubTable\":false,\"var\":null,\"controlList\":[{\"isVirtical\":true,\"styleMap\":{\"width\":193},\"type\":\"DECIMAL\",\"var\":\"accuracy\",\"label\":\"予測精度\"}]},{\"id\":null,\"type\":\"ROW\",\"isSubTable\":false,\"var\":null,\"controlList\":[{\"label\":\"\\u003Cdiv\\u003E\\u003Cb\\u003Eモデルに対する評価・改善点\\u003C/b\\u003E\\u003C/div\\u003E\",\"styleMap\":{\"width\":214},\"formatted\":\"\\u003Cdiv\\u003E\\u003Cb\\u003Eモデルに対する評価・改善点\\u003C/b\\u003E\\u003C/div\\u003E\",\"type\":\"LABEL\"}]},{\"id\":\"139296\",\"type\":\"SUBTABLE\",\"isSubTable\":true,\"var\":\"message_table\",\"controlList\":[{\"isVirtical\":true,\"styleMap\":{\"width\":196},\"type\":\"SINGLE_SELECT\",\"var\":\"message_code\",\"label\":\"区分\"},{\"isVirtical\":true,\"styleMap\":{\"width\":648,\"height\":185,\"innerHeight\":125},\"type\":\"MULTIPLE_LINE_TEXT\",\"var\":\"message\",\"label\":\"コメント\"}]},{\"id\":null,\"type\":\"ROW\",\"isSubTable\":false,\"var\":null,\"controlList\":[{\"styleMap\":{\"width\":117,\"height\":66},\"elementId\":\"result\",\"type\":\"SPACER\"}]},{\"id\":null,\"type\":\"ROW\",\"isSubTable\":false,\"var\":null,\"controlList\":[{\"isVirtical\":true,\"styleMap\":{\"width\":193},\"type\":\"SINGLE_LINE_TEXT\",\"var\":\"image_cache\",\"label\":\"(image)\"}]}]","revision":null},"iconMeta":{"internalName":null,"mime":"image/png","name":"karura_kari_filtered.png"},"info":{"code":null,"decimalPrecision":"16","decimalScale":"4","description":"\u003Cdiv\u003E\u003Cbr /\u003E\u003C/div\u003E","enableBulkDeletion":"false","fiscalYearStartMonth":"4","iconKey":"502","iconType":"BLOB","jsFiles":null,"jsScope":"ALL","name":"Karura","roundingMode":"HALF_EVEN","theme":"PLAIN","titleComponentLocalId":null,"useComment":"true","useHistory":"true","useThumbnail":"true"},"jsFiles":[{"jsFileMetas":[{"internalName":null,"locationType":"URL","mime":null,"name":null,"url":"https://dl.dropboxusercontent.com/s/5eviet86kddcxtk/karura.master.css"}],"jsType":"DESKTOP_CSS"},{"jsFileMetas":[{"internalName":null,"locationType":"URL","mime":null,"name":null,"url":"https://dl.dropboxusercontent.com/s/r1bjufsd5uwp5ae/karura.master.js"}],"jsType":"DESKTOP"}],"notification":{"appNotifications":[{"events":["RECORD_COMMENT_ADDED"],"target":{"entityId":"139241","entityType":"FIELD_ENTITY","includeSubs":"false"}},{"events":["RECORD_COMMENT_ADDED"],"target":{"entityId":"139242","entityType":"FIELD_ENTITY","includeSubs":"false"}}],"recordNotifications":[],"reminderTimezone":null,"reminders":[],"useComment":"true","useReminder":"false"},"plugin":{"pluginIds":[]},"reports":[],"resource":{"tables":[{"rows":[{"fields":[],"objectId":"0","subObjectId":"-1"}],"type":"AppName"},{"rows":[{"fields":[],"objectId":"0","subObjectId":"-1"}],"type":"AppDescription"},{"rows":[{"fields":[],"objectId":"139240","subObjectId":"-1"},{"fields":[],"objectId":"139241","subObjectId":"-1"},{"fields":[],"objectId":"139242","subObjectId":"-1"},{"fields":[],"objectId":"139243","subObjectId":"-1"},{"fields":[],"objectId":"139244","subObjectId":"-1"},{"fields":[],"objectId":"139245","subObjectId":"-1"},{"fields":[],"objectId":"139246","subObjectId":"-1"},{"fields":[],"objectId":"139247","subObjectId":"-1"},{"fields":[],"objectId":"139254","subObjectId":"-1"},{"fields":[],"objectId":"139251","subObjectId":"-1"},{"fields":[],"objectId":"139252","subObjectId":"-1"},{"fields":[],"objectId":"139253","subObjectId":"-1"},{"fields":[],"objectId":"139253","subObjectId":"139248"},{"fields":[],"objectId":"139253","subObjectId":"139249"},{"fields":[],"objectId":"139253","subObjectId":"139250"},{"fields":[],"objectId":"139255","subObjectId":"-1"},{"fields":[],"objectId":"139256","subObjectId":"-1"},{"fields":[],"objectId":"139296","subObjectId":"-1"},{"fields":[],"objectId":"139300","subObjectId":"-1"},{"fields":[],"objectId":"139300","subObjectId":"139297"},{"fields":[],"objectId":"139300","subObjectId":"139298"},{"fields":[],"objectId":"139300","subObjectId":"139299"},{"fields":[],"objectId":"139600","subObjectId":"-1"},{"fields":[],"objectId":"139302","subObjectId":"-1"},{"fields":[],"objectId":"139601","subObjectId":"-1"},{"fields":[],"objectId":"139602","subObjectId":"-1"}],"type":"FieldLabel"},{"rows":[{"fields":[],"objectId":"139304","subObjectId":"-1"},{"fields":[],"objectId":"20","subObjectId":"-1"}],"type":"ViewName"}]},"schema":{"groups":[],"revision":null,"subTable":{"139254":{"fieldList":{"139251":{"id":"139251","label":"フィールド名","properties":{"defaultValue":"","expression":"","hideExpression":"false","max":null,"min":null,"noLabel":"false","required":"false","unique":"false"},"type":"SINGLE_LINE_TEXT","var":"field_name"},"139252":{"id":"139252","label":"フィールドコード","properties":{"defaultValue":"","expression":"","hideExpression":"false","max":null,"min":null,"noLabel":"false","required":"false","unique":"false"},"type":"SINGLE_LINE_TEXT","var":"field_code"},"139253":{"id":"139253","label":"フィールドの利用","properties":{"defaultValue":"139250","noLabel":"false","options":[{"id":"139248","label":"予測に使う","valid":true},{"id":"139249","label":"予測値","valid":true},{"id":"139250","label":"予測に使わない","valid":true}],"required":"true"},"type":"SINGLE_CHECK","var":"usage"}},"id":"139254","label":"field_settings","var":"field_settings"},"139296":{"fieldList":{"139300":{"id":"139300","label":"区分","properties":{"defaultValue":"139297","noLabel":"false","options":[{"id":"139297","label":"作業記録","valid":true},{"id":"139298","label":"エラー","valid":true},{"id":"139299","label":"-","valid":false}],"required":"false"},"type":"SINGLE_SELECT","var":"message_code"},"139600":{"id":"139600","label":"コメント","properties":{"defaultValue":"","noLabel":"false","required":"false"},"type":"MULTIPLE_LINE_TEXT","var":"message"}},"id":"139296","label":"message_table","var":"message_table"}},"table":{"fieldList":{"139240":{"id":"139240","label":"レコード番号","properties":{"noLabel":"false","required":"true"},"type":"RECORD_ID","var":"レコード番号"},"139241":{"id":"139241","label":"更新者","properties":{"noLabel":"false","required":"true"},"type":"MODIFIER","var":"更新者"},"139242":{"id":"139242","label":"作成者","properties":{"noLabel":"false","required":"true"},"type":"CREATOR","var":"作成者"},"139243":{"id":"139243","label":"更新日時","properties":{"noLabel":"false","required":"true"},"type":"MODIFIED_AT","var":"更新日時"},"139244":{"id":"139244","label":"作成日時","properties":{"noLabel":"false","required":"true"},"type":"CREATED_AT","var":"作成日時"},"139245":{"id":"139245","label":"ステータス","properties":{"noLabel":"false","required":"false"},"type":"STATUS","var":"ステータス"},"139246":{"id":"139246","label":"作業者","properties":{"noLabel":"false","required":"false"},"type":"STATUS_ASSIGNEE","var":"作業者"},"139247":{"id":"139247","label":"カテゴリー","properties":{"noLabel":"false","required":"false"},"type":"CATEGORY","var":"カテゴリー"},"139255":{"id":"139255","label":"アプリ番号","properties":{"defaultValue":"","expression":"","hideExpression":"false","max":null,"min":null,"noLabel":"false","required":"false","unique":"false"},"type":"SINGLE_LINE_TEXT","var":"app_id"},"139256":{"id":"139256","label":"予測精度","properties":{"defaultValue":null,"digit":"false","displayScale":null,"max":null,"min":null,"noLabel":"false","required":"false","roundingMode":null,"scale":null,"unique":"false","unit":"","unitPosition":"BEFORE"},"type":"DECIMAL","var":"accuracy"},"139302":{"id":"139302","label":"アプリ名","properties":{"defaultValue":"","expression":"","hideExpression":"false","max":null,"min":null,"noLabel":"false","required":"false","unique":"false"},"type":"SINGLE_LINE_TEXT","var":"app_name"},"139601":{"id":"139601","label":"(image)","properties":{"defaultValue":"","expression":"","hideExpression":"false","max":null,"min":null,"noLabel":"false","required":"false","unique":"false"},"type":"SINGLE_LINE_TEXT","var":"image_cache"},"139602":{"id":"139602","label":"対象データ(一覧名を設定)","properties":{"defaultValue":"","expression":"","hideExpression":"false","max":null,"min":null,"noLabel":"false","required":"false","unique":"false"},"type":"SINGLE_LINE_TEXT","var":"view"}},"id":"1","label":"__ROOT__","var":"__ROOT__"}},"status":{"actions":[],"filters":[],"initialStateId":null,"states":[],"useStatus":"false"},"uuid":"02eedba8-cbff-4610-b807-4b506f956aa9","views":[{"advancedMode":"false","builtinType":null,"fields":[{"row":[{"id":"139255"},{"id":"139302"},{"id":"139256"},{"id":"139242"},{"id":"139244"},{"id":"139241"},{"id":"139243"}]}],"filter":{"category":null,"offset":null,"order":["DESC"],"q":null,"size":null,"sort":["f139240"]},"html":null,"keyFieldId":null,"name":"一覧","pager":null,"revision":null,"titleFieldId":null,"view":"139304","viewType":"LIST"},{"advancedMode":null,"builtinType":"ALL","fields":[{"row":[{"id":"139240"},{"id":"139255"},{"id":"139256"},{"id":"139302"},{"id":"139601"},{"id":"139602"}]}],"filter":{"category":null,"offset":null,"order":[],"q":null,"size":null,"sort":[]},"html":null,"keyFieldId":null,"name":"（すべて）","pager":null,"revision":null,"titleFieldId":null,"view":"20","viewType":"LIST"}]}],"description":"","iconKey":"20170724052532F1CAFF0D5BD54664A9FE4845A5318DDF206","iconMeta":{"internalName":null,"mime":"image/png","name":"karura_kari_filtered.png"},"iconSrcAppId":"02eedba8-cbff-4610-b807-4b506f956aa9","iconType":"BLOB","imagesMeta":[],"lookups":[],"name":"karuraAppTemplate","references":[],"version":"18"}